{
  "data2text_100": {
    "BLEU": 0.1848515634960172,
    "METEOR": 0.48420166031990913,
    "ROUGE_L": 0.4322961869107916,
    "BERTScore_F1": 0.4611239067623211
  },
  "data2text_full": {
    "BLEU": 0.23680386152416708,
    "METEOR": 0.5982306239171133,
    "ROUGE_L": 0.492725883385973,
    "BERTScore_F1": 0.5312638084549258
  },
  "data2text_cycle_9": {
    "BLEU": 0.21149284712797747,
    "METEOR": 0.5351794362008648,
    "ROUGE_L": 0.44652005781214926,
    "BERTScore_F1": 0.45635803122379553
  },
  "lora_data2text_full": {
    "BLEU": 0.2391576598320652,
    "METEOR": 0.530213760042623,
    "ROUGE_L": 0.4795052542210547,
    "BERTScore_F1": 0.5207945743212861
  },
  "lora_data2text_decoder": {
    "BLEU": 0.246587973467273,
    "METEOR": 0.5421076778444247,
    "ROUGE_L": 0.48668862144861624,
    "BERTScore_F1": 0.5316361676336521
  },
    "lora_aware_data2text_decoder": {
    "BLEU": 0.2572095219248074,
    "METEOR": 0.5576644875936023,
    "ROUGE_L": 0.48702622410990726,
    "BERTScore_F1": 0.5370193506678892
  }
}