{
  "text2data_100": {
    "Triple_P": 0.001623376623373988,
    "Triple_R": 0.004366812227055167,
    "Triple_F1": 0.0023668635101964874,
    "Exact_Match": 0.8967361492046078
  },
  "text2data_full": {
    "Triple_P": 0.25862068965071344,
    "Triple_R": 0.0655021834058275,
    "Triple_F1": 0.10452961640151028,
    "Exact_Match": 0.9718869994514536
  },
  "text2data_cycle_9": {
    "Triple_P": 0.0794701986749704,
    "Triple_R": 0.052401746724662,
    "Triple_F1": 0.06315789425757619,
    "Exact_Match": 0.9594075699396599
  },
  "lora_text2data_full": {
    "Triple_P": 0.19999999999789472,
    "Triple_R": 0.08296943231404817,
    "Triple_F1": 0.11728395020208428,
    "Exact_Match": 0.9702413603949533
  },
  "lora_text2data_decoder": {
    "Triple_P": 0.2558139534868848,
    "Triple_R": 0.19213973799042736,
    "Triple_F1": 0.21945137108008037,
    "Exact_Match": 0.9654415798134942
  },
  "lora_aware_text2data_decoder": {
    "Triple_P": 0.1351351351339177,
    "Triple_R": 0.0655021834058275,
    "Triple_F1": 0.08823529367735294,
    "Exact_Match": 0.9654415798134942
  }
}
